{
  "count": 7,
  "mean_error": 1.0660219192504883,
  "std_error": 1.3507533073425293,
  "p95_error": 3.361144542694092,
  "p99_error": 4.023921489715576,
  "train_losses": [
    0.7803636789321899,
    0.772588312625885,
    0.7648049592971802,
    0.75701504945755,
    0.7492199540138245,
    0.7414210438728333,
    0.7334898710250854,
    0.7253302335739136,
    0.7168582677841187,
    0.7081294059753418,
    0.6993120908737183,
    0.6904572248458862,
    0.6815906167030334,
    0.672260046005249,
    0.6627543568611145,
    0.652963399887085,
    0.6431469917297363,
    0.6333139538764954,
    0.6229503750801086,
    0.6123610138893127,
    0.6017329096794128,
    0.5910739898681641,
    0.5804038643836975,
    0.5697342753410339,
    0.5590984225273132,
    0.548485279083252,
    0.537899911403656,
    0.5273770093917847,
    0.5168300271034241,
    0.5058606863021851
  ],
  "val_losses": [
    1.935348391532898,
    1.9521799087524414,
    1.9691545963287354,
    1.9862706661224365,
    2.0035252571105957,
    2.020914077758789,
    2.038341522216797,
    2.056881904602051,
    2.0757081508636475,
    2.094745635986328,
    2.114018201828003,
    2.133505344390869,
    2.1532931327819824,
    2.173344850540161,
    2.1936442852020264,
    2.21417498588562,
    2.234895706176758,
    2.2557640075683594,
    2.2767958641052246,
    2.2979698181152344,
    2.3181569576263428,
    2.338139057159424,
    2.357976198196411,
    2.3776910305023193,
    2.397307872772217,
    2.4168243408203125,
    2.436236619949341,
    2.455509662628174,
    2.4746577739715576,
    2.493677854537964
  ]
}